track_id,track_popularity
02MBhqgR7WeeI4ZfB6Lo0i,0
5j4M4gLYuUy9PVw0vsXWyq,0
46EucLPJpx0QM3SCjzzdP0,0
4nK2LvW3osgDT89S38Mcg6,0
1Pq37WIQZDG7yNFnY5IbqG,0
2BlVCk4aedlkMynOLdpCcI,0
3Nt8fA4rKmuThkHxFir2qZ,0
5ZHikLIzGAqbTphErWuREz,0
2LcBaiAK9KqVzj5TdfFkTt,0
5McTq9Mwsk1Tpu31yDNOBE,0
3g1CrdpRNtMPRLoleCvFSo,0
6xThGKJB0m7ulzi4toI18x,0
7zznHKZjl1OuMMb2pPMgUp,0
5i6P9NULtzkZIfwOk0RJLY,0
5117g3rjt37uAs1xvATLJD,0
5kFTiU6MmyJpFcek1xdUPV,0
4BRwdTJKnBsTzxVxNgtJQe,0
78WOZjqwC0RyftIcGVYH7T,0
4m1597QAg0Kwtq3ESdov72,0
6deS2lsipxcdGbsS8Vr5Wp,0
0FVs1983vi0fpRIiSIiLRL,0
2ZLnSVpbgctG2okHeX57TS,0
4SqioQiWBY6cYuJ72XcpVn,0
0CSexlCEoSDtjejy1wiMcW,0
3Mr4AcClzUMwXTAVBfsjgt,0
5eeeuoLLZ0N35M8BEPJZ3k,0
4IDt9WeGyngVMGngtVYmQA,0
2k21Y6SQClhB1RGjsj1fAX,0
5VdIabELAtsXRBoB0GeHP7,0
6ERFZvMcNniKKxKMqXZpLE,0
660sXdskUSV94F9qFzD93F,0
27SAi1XrVDxaUz6cXGOmS1,0
2gdyBzuwHmOR3IkDk3hUZL,0
4yV3lyQ2UwiZxrSorfz5J6,0
5n436bYjwwA9JL7uFilcim,0
66QsJ2G3ViEaLSr3MpMTns,0
7bbXIdIWPHUPBKXvR2rj1F,0
6GsiJ3lbtUaXH8gO58g1Lg,0
4SI0tvZE9Vvvlb8jbo2pY0,0
6dmx3KdUh1kgnVTKAuNjJG,0
3DkWfqJ1cDsJPUw9zL2GzP,0
1qUSLN32GCU0pojecwPHVy,0
0tzGtZfzmZIYX2NnhIruno,0
5PJ8n4odqbTuvZYbf4tHtc,0
5xI0gr5sRIdYX7faghmfGQ,0
5RmKZ2EmBYCPZnuUrevRkv,0
7mVYFiXc8l6zz7vLVL30YO,0
5CtOsR0kXGsrlnNcevYDdN,0
2p4R77yIFjAq1RDrAXjG8d,0
0qkvypZcy6U02MwQtmymOZ,0
343NxbzCEDGP2VKzbcY31v,0
3dkmxOafUlEBUHKFH1GwWF,0
7C3ePsnSBBy8H6sJkW3pSG,0
6nYL5y1mE4N2XfW3mgPrdy,0
2Ra0J4YUaaPJJv3OixsZKE,0
24o7bxvEBHKvlrOcb3hr6T,0
4faBSxnPaxRO3mQo6ACb8n,0
2yATjhukxHm0VaRnrFh68R,0
6i2ikeZ64rPr1FwfLkrPSS,0
7pzqGqGORKE1A3UsRAorSg,0
0FCimZ8t2QjsYd4YggnCwT,0
0A9oS8wKbhmBPfjZ3qUgiE,0
42nR3lkHHbj7SAsbDdNG7Y,0
22xc2OktD454NIQV0INAxS,0
5Er5t8KkPrIoVfxZmmVJZX,0
6URzj7BSoqxaS0hGz8LKOR,0
12mx3gQougcaxwLc3MK540,0
2DzAFiaNaJFtfNXlyakg8Q,0
6UUyrDTLS3SwmdQjyX8rr8,0
5cHKG88Ghkhs4LlD7rpBDP,0
0so12ZYzVD1dUrv1ANBBjB,0
1HiDsuSjACTRgEZFv6IIP0,0
08zTMg4UhqUDDpgx28LcYV,0
4m3EqYwuGlwwyBgmc3asYu,0
3aOmudEVa0kg7Rr3aDqeGS,0
2DezBTsnfag6dme8ah1iqc,0
01tRkF2ZKb8nkSaxgOhfJb,0
2p5SFBzyXzE6rwlLr4PNlg,0
75QIhl3g5MaPAz4g8g5snM,0
0EBIvidjNqNOlvg1ZjxI0j,0
1lfusnyBkIBTFfvEwagg0Y,0
1PhfVMxVXrAdqdnP65uUNT,0
0LYwPD8YCc9nZFb2KGA3ff,0
5VhBcKnW8sukTMyWkE3XNW,0
5PusmQyZLoOlLdrW2lEqdF,0
4FDkoxxL5GfOKk1P0fgp1o,0
6PvjVxjRkIbvnWY8u7sLfk,0
4zGEJCu9i50zPUlY6Gewta,0
7HdocYaCRGtmaYGCd5BA6k,0
3taKrKLhRxnwbYTb3ZxIvW,0
7zQ2WLryoPuHsvyKAJ0OEE,0
3g4bKgNfb0mNpQMatPJajv,0
5oGweRUwu08ixe1sQlK4rS,0
5dZpK4nIpmkjGO8QFQs5Y1,0
7sA9ZqvruWuyIwc7W7OEis,0
0rmZLZRuNb5Y3oXXbM7B5y,0
646vkQQftNV7pelVkhY5Q9,0
15YgaDNpuuLEEyUgRw2821,0
7njFm7J51WyUSrmIjemkJm,0
41XdzisgB2n5GI3hnMcraC,0
49Om6Spp5jewLCJwuykR0W,0
1GhUNDXKSDgUVAQnEws1Yg,0
013AzMsMH0eUMJvJSlBlgs,0
7yfilWNdk5rGLWxAUk3KuV,0
1AsVUT9vcQfYZiPvdch1nv,0
48mRi4EHoKz3GlmepUvXPG,0
3GYPQM4QlQEn9TwaerKL64,0
3C6GW9nyLO80eJFKSfmyH1,0
16swIjpDJoYScFlhNSoJKw,0
6xabEEgkTZOhiNHi7fzZnZ,0
3pRGpGhbkyQg1YQNBWVHTG,0
32pp329aVeA02PsSiQRCvy,0
23O9Uu4nCuOalww03McNck,0
5aoG0zzfWESmIhuX2ZTErm,0
0DY3LEVeodi2jsQ7C541HF,0
12aNJj4DfDLsDICFpgXtvW,0
3ykjRwD0s7JgGDiisy6wZ7,0
21TUXk2sKoxZYNfccJm56Q,0
4UtDvxpTjQyIAOXMLx28QT,0
354pw9y81CAySnIBcnDuYM,0
1T8AsqEhHbQPUv53GRhCHq,0
5p9DZ3id0RfAdmKA8JwEgM,0
27gnS4Uh6Eg7DYjCacY7KY,0
3v03nAW1n9vHm3HuEQqQ40,0
1pUtRcs6feR4IfMLVRddei,0
7uPdVKx2Urqudc2JSbNMDA,0
2nK2HWaRbTOHhWCHvEU9xz,0
1Uu3rkaIyUsIeDvP2dbMBW,0
0BcX0W6nQwdcQAZTUL6Sr5,0
41BgTvU9N59yitrhASOIE6,0
3jauJ3FoVpuqnJtiAdvo8P,0
6lVvUCCEnxNFNzHSx0BSaK,0
6LbGVl35Ft4HM2iZcbgEjx,0
3s0Yb57H3EjMqeCXu18nI5,0
3bK3xwdmNTR4RX8QJ26O0g,0
2ksNqgWfqgjENGRy8DFRQh,0
7zBCZ7YJVOXazqG7YzaGZz,0
783i1B7U6ZGgzJ8zNSLuqi,0
3ZiE4aIleJoObPQCdRnSBg,0
24TfYFpQx7wCo3k7W7ekNy,0
6jdShA2CHXK5Cr5wsz30ED,0
4W81bMEWp1xcGxnJjCN32b,0
7M2aUatfYvgrcBPAqpJ4Gi,0
7wZORxmofP0cZkyj2pNeg2,0
7l9khqWnqPyVURCKAwvh6U,0
1TMIgXXLFLvSK7V9bWNikT,0
3Szq4Tnl91MuQQlKP8zNFB,0
58wwjEdBSu0uyROGzolqIC,0
503WNzjR8AKVlLM6P2zhH9,0
2mgUxz2maa9IGAa1hhQRVl,0
1Jd16sI8Hkq0U8LUT9MG3j,0
4UsGjiLekWMMAPC3vAjpSJ,0
5QuCvko8MTTPNTnr89sfoh,0
7H09jqQjE5P4LngVDsF7rT,0
02EXFE1MxbSm7V6HFTI92Q,0
1CCU9E4Lg7cvIGJv2hgmMA,0
5LbD9qqtSg1RKQKDAm7eJ0,0
0zYVIWuYdkXZkgzcVYaAok,0
6q9hRoQhf5dZCL6FdZ13kO,0
06ffOI4EW7sTMRLaCSjp5U,0
7vlnmuMUA8Q1UperjSrPQF,0
3CCcTzM7wsNwg4qEtxVueE,0
3O3UeGFDMCPBC44WqJvXm0,0
5hsOpMifYSnjcpcJVSWAvr,0
4ErI0YJH20Tj0ojnWpmobV,0
4jnAZmMbbZAP2qRqomrvLN,0
67VN3YECQGnFGFtIy9oVLu,0
0s8ZcGZZBj4A5pzRBT6TGy,0
0sASwVq89KUpoJxtq988yh,0
2bWdDUK4ySuXYtjs8E1XTI,0
5i3T4cHuELPsSoxpWTDs9y,0
3YdnU2CgScsLOkuGVPmigG,0
2DGVmdtbRq0ISISQCcfp13,0
5YISKbKgCABPYy1MWoY8Zk,0
6qfuYfvEzUIM6a3RIDCTpx,0
7AjfRzxhwKiWGCwxw5UiY7,0
3qPinKScYStmNmn421xnIj,0
0aOQytEqaMW0889A0X0mEq,0
54rPqfhNW2MkKrvjCerEQ5,0
0PTMD36zWqkpYn9QAURNwh,0
20CdcZXcANPnipLrHDK0M6,0
50WS4XwK1ZpjRfW60rGGWv,0
1275YZRK9BBGAC1XJLnvzi,0
0hqB4knFaP9A3AOaY6xbaz,0
1T4TAjNlFGGc3NzlWw2NRj,0
4F2R8aMRqW7XoqiC2k8Wta,0
1vZEOpnUPRh7DqzB39aFDY,0
1ABK5X7Ui8CfpKUCBl1ilU,0
6snbbXmHlWwxUxsF9S471y,0
3sfiq5YNG3uncxS66LpDRp,0
2IkhHQ1hBWg00DRMwWapML,0
4gfRnxvvSIMtseNgbCTsDr,0
0JSPv0MrvRdhgiQHLu5rfj,0
4ZjhpTGNMaiiGFd479QnkI,0
2ClCGT0gZK5ZvsEuIkekKL,0
6AjJLoQcxHhFKHobOc42er,0
3r5yJeCHvhUVB1ONbsUYFV,0
0pvgDorpxRYEcPAWpPRuI1,0
5tTSVL93AfF8gjRIsq9M1L,0
7yJLNPhJKXb8r1QIM3tdzq,0
3XkwcECCrLo2q1eiLmhtHy,0
4uf5OXc4mEdPATwWCqmSN7,0
2tnWEvL4HKB3iFT4AlwICO,0
1cRLLd9G7rvZcLbXR3JfnD,0
4R39EQulFZOz8lfn2WpZXb,0
3BXCHnsNQ5MnF1rYZgC0lO,0
3Crz4CzMvcm6xe7nY8Kwzn,0
3D740kRuQhZiI6QCA2iCdY,0
52GSkgpgIkVe56CTN3JjiM,0
4d587V7Nq4IiKjEB81AV1W,0
5Q2gBMKMxHcQDfi5tocAwg,0
4Xey1LtLwT1B7nUl2eglGH,0
0rvTWASY2Ehh3vbfHrV98w,0
37n15HRkw2dfXXPu3OUf1e,0
1Ou1c5bQzaBkDhIExyafFX,0
0atR4d1gP8wvqOa1I45Axt,0
7aGz2bjPcfS6wT9g4XtIm3,0
6BtH4lPIn5rZuLEZbrI1im,0
7pK3ZmWgsTBXKdDpSaiD7y,0
2aUjD8IOnpzXhypyux6qg0,0
1XxARQFt3oegpXFRWFhUkc,0
1fOXxKGmYCrzpzHi0UTEQU,0
2kqtQFhIQo1FNKSb4qcIDY,0
5rPLa4GR7dILvJbwhIBqJa,0
6eJFhfgXsIOuXjfKBqoJN9,0
7caoHo07G2vcnII3eDe7dU,0
7EBShEEJlxTD9CLf2rBaDF,0
35J6C0vaTzcuLitVXhd34K,0
0anM5sD2Z7pWl4plxov4TK,0
4x4eWvF31IFH6d6oLXYoba,0
5hwDUAjDeKpvuOqfIVBnhc,0
2R1APYgizIkHH95hmhooJo,0
5EjxGkxo3Uhe0CCQH7ePV9,0
5KIivR1X9oaqAKCDPuQ63w,0
0mM4OoSxtXbNgBGNL5MTF9,0
6pj1sGyr9bUQLdRd0QVcXs,0
6XzLReWluzL7izF9ZGrTJX,0
0cBVzi9xcoj53hUtxUWbP4,0
58NXZjAhfKzgwyOS6jOzyi,0
2EtNYN4LTNgnSZM4JCg7l6,0
6kSHJaoeUMEfPolNF3IXcH,0
7hHJ3fAjEg4PjWWUg9v78m,0
2bgUbsUzOeZCcbNMwBvieH,0
69Ko1FO69Cow3rtJS8QIL4,0
6Sm308PdjuGZa1Ee7nkt3e,0
51MEcGl8p29WYWkelMjk1w,0
2XobVi6b2GydVJknmjS0iY,0
4Vh48i4t861HPn3VYgN9Eq,0
5xKV39y8ahuG8GNVlPVa6E,0
0iKSHbh9CgZlgbddMUR0FS,0
5qNjzspPUvLHvcFdjmka13,0
28QXmUiP1n7m5Uo6U1hGPw,0
560eT2vcqhT4JDrVUuJG1I,0
2XUCM9oBMteToz6lZRx0dm,0
5FLa3F7GhtKaNMdJoTH96g,0
0qqKdkXtJJIqhFlvAbAtXC,0
6KfMMERA65kIzvDQ6zFwYu,0
1IyJb5jUf5hBg86EQsKWgm,0
2qWhAxUvZnFxlaYAqrI6nX,0
47dMkgF0uQ0kZsSvtubjKh,0
5JLpbz23JRNTPw7wGeNnsG,0
617epvCd0tzQUsU0UmCZEh,0
6JHiXIkDjfeShWIkrQPfmM,0
6bB1rM9v4lZsMkeYyD7kLa,0
0IPmZ72bs48LGSYvbFptpD,0
23PY6p8GA3zg7yz4df3CNp,0
0APcXQqGrrnnKRBWYjJuhM,0
1vWJasCafXSy7EX99k4ktU,0
5egQeg4lr7RTXgl8IjzuYb,0
0TSXW6BlrPtsaffq0ZrhPf,0
19wSuyw5wjlYLvRB2W3Kn0,0
2XNL32VwyYJkOXBs6Fg69v,0
0TDu3oHSoUyu0ddabM6sTX,0
2sicX344Y3hAVP2fDPd9Ic,0
0PEmUHzgwX1QmbG5I8u9Tr,0
2h6T8f4iaSJkvq0Gykm77P,0
0wZTuER1ZoeRLoXDvWPSRy,0
4lsI3XPAqQeNWoVhl5EBXh,0
6HqKvr4cyX8XGoNjSBOZD0,0
1nhVCiFGBhr8XURyWfGGO9,0
6bPDTNxWtAWfclekRQY9M2,0
3UWe0IgKg1jBgexfNjXBMY,0
16O1Ru8qveLw2q4047GoSr,0
1nzjtwhURDS84e0uHrCWS7,0
4Rda3yqiaZY4kBgmGBotL0,0
0PYY2stSuR8x5fuX0VBd00,0
6ntq3YrgWOoj5DeuaSkiEL,0
2izVew37WCLq6T9M9BsIAh,0
3U6PhlbbrTStAtxS4O5zz1,0
2vxH818OEbgwIBdPPkFYQN,0
6Obr8OmoqxBEtmmFqt4nrN,0
4RJxcraC1ljhQ3V5cFxI1w,0
0fyBEdyUyrohQbFxrqtcVH,0
2omBl9yumWZztVo8EZH2JS,0
1i32HlLiOxB53Ppvnvfv0E,0
3fLYswETB2IsnK4NUmivmN,0
5l2WFPqoCGU0c41wownPYs,0
39b62fXirNNCxTtsCwBfhS,0
2ROP3NnMdPHGUInaROyjbV,0
1mSSdsYUH4A2HUg2anAvPr,0
3NTHASsdM5bZr0wGtjxEX2,0
2h0LPOWJpU2QXaNFSuWe6q,0
0XklqsLNsJgNE6XUcFXg3d,0
4PkUFPb2cawIWKR0bfMsPC,0
1Me0p3AqyL9s2XsJUoPvsN,0
4LuERfA10kjIJl3alMuKAA,0
3UKpDQfbrFjVTQv1BCHi3G,0
3qbgmcfZdpy2S7sai2Rvns,0
1GbcvfLx8hTsR6055hbPXE,0
0QAZbOnz82Z7s1LS3zW5LL,0
28ehSZrpsbOglVbAV48PbX,0
37BzqSd7IVkwe0KLq5CKJo,0
3wFlg01CxhfRResMIg7QIz,0
3LgzRrToDwwxuobmcMPQqB,0
72rxJyXrxs5bGkMheCYuCN,0
501367gSIknWWcWVWi5o4L,0
0dI8LO5DR0BGxpvFHFkZ73,0
6L7rN2tISiptvgvqYr3SpD,0
2q4OCuelDMTCQD8EDZeYpR,0
6QKcPeTmr4Pq9UfMGpKnu8,0
0d79S8XgTA736GyXFrmyen,0
1JZZfVMGvbrHz11ye4RSdy,0
4OAvl25bMq6QtjfBcVzFnk,0
2hHAcfNXpF4bUqofiYW3fl,0
4wGjiX56gV7Hl9pdKkyHZU,0
2bX7IqRjwZ1Qtt10HPOBpf,0
3r9EbfTCNKZ6s7GT3nFK43,0
2tca9RkwYMqw6SW15hv41x,0
1TNEr5fWyvG3Rrmi0CbuPv,0
1SExXhHYbTqDB5U8ewRhh4,0
3Gh4kxVl8pkMTT8oTHpdZ9,0
3YwE9SBaRn4oQL9BPSJWK6,0
5Wy3lX7cRkVDbE2oDxtBXm,0
4TYLiYmU9DsUIFLTW3xZfQ,0
0D4rIurMoCQSwDIhw8eOoi,0
3TpS7zwhrmeY3SS3Si2H7G,0
6VsPqRwhkeCmPyFAWEnyfl,0
1FYL8okJko8uAiK42gStub,0
2PVyRZluqfoYZNhYkjb9kS,0
1I8X7A4utVrz798Wt9Dp5S,0
6298TzJgfCndI8iR9m0dBT,0
2jyFlC4ZwNQcYRlr3Dt4yw,0
3AmyzmYjbipm2qsYJPavde,0
728hCG1UaiLLxb5ShKx5mt,0
0UH6Tiva5WAVfgJvl2QKg9,0
3JzD49VjK4pEBIdkoQCOCK,0
6VlWaD1PERolcjAMru48wl,0
16Apqb5unFkf87S7hw9YxA,0
4SxxmZWv64dmVW9eBuabXt,0
3MRrOBlrQt8SH33uNSsu5A,0
18WjY05Paa5KY3AHKCECun,0
1e5eF4SRgfwXosdz38NZb3,0
2XSl2tkBVwV76hM07ufgT2,0
13udNoBEr3DNDXsdV7RjgJ,0
19eEOhRihrnLE3ReS46m87,0
5B80d0eOMKMBwVQrkpi9cC,0
3hTF2bXadvH0Vzad2FsgMc,0
3cgsltS97w7hNMYhl34Wri,0
0apYkV1izaq6f9AMXHUC5M,0
6YPdYqN8X96hqBCNE6bjtD,0
3CAcQ1U8wR7fN8pUWwDzIp,0
4tj0vJfUKkt8syLB5pSk6D,0
1dB5HfpSS9NWHPxpHj96XB,0
2jl9Oq3S9YEFbWxBHCfQDT,0
6svgAkklmZqDJyaS8XPURW,0
6MlhF7V4VROPDhcrnSChMl,0
3V6A6MIPyKgHDxFUKLUfIu,0
2gkSUWLfoAj9ygLcgHqQQ4,0
63q9JxoTWpFitngOLEpDGo,0
2vmqRcT8SefAtQKl6roiN1,0
6uvSqxtlIFCYIQKD3sCasL,0
6y25loAqZBwgjJyJcPLQvp,0
00MC1JU4euORcr2ElYArFF,0
0WmiXqydy1o2jaAunbanRK,0
2a6yrDYk5GZTZ6WeXLcxpe,0
0IECxDaEMWy6C3mmRpFZqo,0
0zA9HZcHasuUpuzu6eb3Ta,0
4QFDNQHLxvArQfU2rtTh0V,0
1TfWXI12Oz4j9pET49nPUv,0
692QgKShQndn4QmcrlmMXV,0
25Wxa67EH4V9AJnZA2fKkg,0
0OSv66VI0IB02EZYpD2gVZ,0
4HhrM0M0XKoYCZlEqfSTyh,0
3NBKhPwBJpZV7zMlZqvUdb,0
7bgE4U4F5V7UkaM57p5n20,0
1DiKWa3xDFY4DiCdctNeZz,0
2KxZCrFzwEQ2CC0zZK9jLV,0
1W5syZL642yvNRw683frsr,0
7qKQflZJt7S9L4ySh0Tqsd,0
2xRpStvnxzMPwFoN71gAB3,0
0YTMYdBERHWuiIImeq1XN6,0
5CbDdfq4yOelpiR3pFLNeu,0
202ndI5iEgb4HUt9hiXOfB,0
1eY4naPuQezKfI4SuqIAuq,0
6gQ9zemj5gS77xk9V7q55i,0
6IOTiYC8XSVQdMHL2FafgQ,0
6leXYPRDvIZv6yg3GJr0Wx,0
0ILEosYvVTvaYdZNwVWPyX,0
6iojH7Ln4GM5OyxJyqYKTl,0
2uGFqTDxAh7xw823RNKQfY,0
7e2Sl5YOZzZcJOONHRj6ea,0
3aO8s4gq2pmYxN6nTLR1wO,0
4lLcNaRTjcazyePpAC2xFo,0
4AAmMQ3Wv0ErsimIH7eypG,0
3odEmDp5Ms0G0l5mOlpAt3,0
58V1wofqHvQqLg17urWz8y,0
51wl3VubtsxPZmPiSaZ7v8,0
6DOnJCFsdMuTDjxymQocDM,0
56ncO9LB2kvVRvRVJTUKqL,0
5cgCAgOmWUck23bF1CqBlb,0
3CEYqmIPqgDsr61a69ooEU,0
072YCF0NZA8nK7E8QUgAuJ,0
71Dm5LbKLJF07VWbVJ28tQ,0
0OUck9MHPnfWdi57vBJfjH,0
7vSbHjHCjelTon49HkysDv,0
0KS0AusI5ttIUg4IKqUKKn,0
5K8Vf8fYGypn0gk7eXN0Dn,0
1jxDU4FOAGO6w8OvmYRBVA,0
6J8nMhQYIzoHN3WyMcK4yJ,0
0Z41SF1YA86H0ErxMokEGp,0
2Xz22TrDymfYnXXOkhxvHy,0
616YX63Cb9ucDihsef2C6s,0
3vGJ1Yxqg3vavjJH0rI5eD,0
7CosjverVOmJFO5mvXx2JC,0
3z374OBOlPTL0QgGcyovuk,0
4PGw5vj0atijznhkPiPVs5,0
2oEK7ZCydzsWSuDPsU3hxD,0
1A5hhAvACCK06gCVInA39S,0
2gxMsHNtJhGTrW7zuc1lfG,0
4w79rhqmNqv7B7TaVLaJBZ,0
31ofIqVf85WLDUm2lEREjv,0
58DfauoHdExoBdrPpUt5as,0
4dhOE9TC7j0PQOyV6fJq4s,0
00696DuLr2zDTLtoVtsU8K,0
5CnXDWjxJDPGGNyaPboWRf,0
6nfF0devcf8cROxZ1Cz7KC,0
7yHN9XoxWqj7fCiMBVW0iA,0
5yt3E5FX2n9dkcl38wbwMq,0
7EZ4yh7bgtoekkwPKJaQoA,0
1AufwwuSQgTCXzMD0BYVju,0
3SC9ePXBmxbUInq9bn3BJz,0
4TgcEL0NP3ONAOoZxAkOv5,0
22XLZdmglAjSufndhVZTBW,0
1O7ucwu8k2a6AcTEajDmaG,0
3CO0Nnlz09LmK7YU1fST9o,0
08RGL0GTqVE28IccedAABl,0
4KDc4nuuWQMUKZFdCsAiYM,0
3X3JgHmSfnWqAxW3NhBBGi,0
78wzgAlTlYMpbWdf6gf7NM,0
1tgJs6M64ke4kixq8GzpVT,0
65lQGOrqY5MNGx7BMLAp0a,0
2LjzAobrI1efKsnqQvdMZj,0
4FYQDJazmHz8rlQo20xGu5,0
0FIzdAyd4QKqLs8JzgX5Az,0
2f7rTjdhIxnNboP4BIAiwN,0
2ymvTQgXX0pYAf7Xh7KBT5,0
5GBDYHhiGoLn7w9IK6suSJ,0
4LncexdHJfyVItbUoLXeoo,0
7CMcosRIzlXohLIhqbkLdt,0
42KOV43XfxUwCVHcHLQclJ,0
0fRki1QWK2FBGVYLodlert,0
3B0KBqdB4LqpxySjduyj74,0
7hwY3dALnLksvDToCTUiCX,0
76afridrgNA5OAmIz0ViZN,0
7nTPdMlvEfLpoKxAG8YEiK,0
1yANiS8KHNM5e3c1AvaVV6,0
2e4Xc5KgPkkM9XSwI4dtrS,0
2NnLUAAflDpte0EIFCDHqu,0
02wQqa3oIX2IXe4xg9poZt,0
111qA9UaOURMmmFRrkfADI,0
1UUqiRs22bQfIPAOathSDd,0
1v65mK0yVSilGzyFs3NoH0,0
1A5MIN1ivEoaHFj8fiBay5,0
3qRX1Dzjz1C1S67debiQWH,0
2FvLuSDbpeTxkFoqPAhGi6,0
2EjSUOXxt1hAtDp5vy1nwC,0
0caKb5zhLK8oL2XFWB75yo,0
7BYMpiAG5476g9ZEnwlokG,0
52k8j4jYBcpuF71amQOGBz,0
22BQeqqRuhsQcqZCIDQiDC,0
0HSEu0Ueu9a44XX4gtT0xm,0
2CFPnWze3bS1sJSHuLmAPl,0
1bccUXjUf97CZpoDBcPLTy,0
7jtDXbRu5AhaQd7TQWpnK0,0
6Oc6deCdN3voyQne4bqoAR,0
0eSa2gzu23UGr9DTH67gWo,0
1v1Ra38tDXuL2XxyK9EZXH,0
7zF9rnhbRw43HDUh3ynPAX,0
0aI7ppjVLBPbw1RCswqG2E,0
5xRaE70zwMymaqOF7vmmUO,0
5LE07WsrhIHNyHL0MWrwAP,0
1XnVj2QPah3QJpuFNAJneT,0
79GbLZpmBE6wSAX9w16ZBP,0
5otlpcTnob6enaCU1RPiWj,0
07O0t3wHxp1zKnclfyaFoQ,0
6V2vurSeHTffMva0lLhjBL,0
1lXpNaMF1ygneIoWrskvy3,0
2qQuxkMb967jtaZUUlWL4c,0
2O8YIFPjBFzD0hEmk5BsqW,0
3WynuHqefzVtTalEwHYVaw,0
6LZTZMn93KZGQLgszGxUZz,0
0MCKNkEcF9dXmOIuSY6UYI,0
7li7Iu4SG9ikI7uvE2YYQz,0
3unzf8TBpvE2x53mOJIM5w,0
3MXSPyjxwP0FsfpVjX1MIH,0
3Nk4VexXj3Vnyyyx5ZpS6l,0
19D91GdCXksADMt0G8SBbb,0
5kDJSUzR5H01XMbfzwf08j,0
10cBL6RZ3ztZeeq65G5oFl,0
0eHVb4NsPDp61FpwXxAuYD,0
1F6fWfIGsXgv7YANYaVd5Z,0
7wwGUxaS5VukZmiOJg7NK0,0
4li3iNrCAk17D3vnF9Lk7c,0
6HDqWamMeKnfIfF0eHTwc5,0
7o7DD31JzYxGrqcUhvZvvf,0
3imQ2abcHi7TtmVYkST2rQ,0
7zHLjcuD23xoZYrAK9rqFP,0
5Zunw5VNRe7eQH8ZZ8MZqu,0
3O5yIO5EUCrJTs5bROpwvN,0
5WEOss03VyVhkzIVEjDapJ,0
2B8RVpGgrDK1974S0E4EGZ,0
3rHWM0E50X68FpuzUXwFuT,0
0IgQ4J7HIMKC4Oj8bgnmDL,0
6xqP06kT7bRIdgcI2NwE6y,0
2gyv5fQeAidl6h3dsJjyLw,0
7BKdfnQZ8vqfAa8zflMe3H,0
3x0KDaHMfXfBhH8kI31mUq,0
1a4yIEiKovPAOWL3gk1hB6,0
2HrXY6lPX8LwBKVzrjlYT9,0
6ckHA1lwenKqoR7TtJb6di,0
35k69QfBYPR77PdhviGT33,0
2jB1o2WVTvf2GPUMIOSiCf,0
2uvn5PrF5xQ1xzKscoKZQi,0
0XIjGkjAv450ghprlKsOjV,0
5AMi57oH5ofjF6GgEBVKML,0
0DRQvimwLnflvgevJSsP1E,0
4A1XrgtsN1uSrWhHtAyNLu,0
3AXcClZX6zQe4GSnAEPioy,0
00OLZPZcR5cjv9a49lrYZD,0
7Dc4TYZ77YIiQeET70JotA,0
7ybeVRX4wxvV7vpucAb4We,0
3pfVERWfb3LVwhAC0NwKnC,0
0qV8uGEVCPIBC00s6RpoXE,0
3WMTc5M5tcHiVIw9MnRpxn,0
3gpWF7O9PFTkdekz8XrWZV,0
6b1q3iAWoOwN1vxaU0bZdh,0
4Nho4xEPui3oSNLWXMLRiM,0
3UCu2lRO4VXquZVNEQwkqX,0
607rF4x2pqxz79efAsTqLd,0
2C7XQha7UOUnUe2fyP30w7,0
33QORToxjIkkaWPJw8DUEq,0
2RUpmTeRNA12WqIpyhTNtH,0
6GvzuSj18nU6HkE2z9vVGa,0
24zQ2fK9HN0nkiSp98D6hn,0
09bFHao7KoCS71h3PxTKx6,0
1YpSm2ighCcyXdzM7ORD8I,0
6aWGlyCOYM3tYY6CBDJjdN,0
1tGjaRKq2f4DabJXIu9q4G,0
0BWlVU36NzMy2iYUtrubrf,0
6dLZIao5uwZxDqNnjEBnV9,0
1fnXW5y6bCAmfBpeGEUoIy,0
6c5NDEKZZacyCGkcQxyHjq,0
3fyN6yT4PZt79f7CS9CftQ,0
4tXTPwKYKhovsesJUb5hVe,0
6Z2Lfjy3a3wVzwfi7lQe4O,0
10GVSTTZnSqiw1Dm1wguFl,0
4z5awrO95Ks6PEoveG4Uyt,0
4jrFGmPWG42ts9tjKR6AZq,0
1JGjM08YicRL8Ep7XrSrl4,0
6s9hP8inQgXi5jt2r9tyN9,0
6W7aftEF2QwMfF3Shsw6bC,0
4X6kSSQ1zJdQhXCsDDBTm8,0
4Rluhq2yZgNzU8lPvX2Xpx,0
7iQ1k2rN2Gcd89t1TN0LUq,0
49IsHUhmMru4hAkUKs9zjV,0
7lH8QWFrE7QlIcIaeeo3oS,0
3HRav0TYl2XtG3Y5zvqGXN,0
7j7tyxseX7jvfapEujpwr1,0
79ImSBQpZskyTQzzskXokL,0
1zv7McQJv3sn1jg5Two0qX,0
64vDGndHtg4VeDkCumqDz8,0
3ylKXYq2tkFhOS3YC8sXhe,0
5UdzMe7xcU908M9nJSwW60,0
2w0n3mhoJOoUgrrUGsAilz,0
3k33R7gLRoiD1RGvFkuWna,0
5g3oDN3seb7iQ126J1zpFv,0
1f33BziGYk80K3En1rZ9ks,0
0ruxPjmrzW8F9DN5fs40mW,0
3B4u13f0CWkvsdeKP9zikq,0
5nXoIcDYEEFTVvg4cBCArO,0
2cR0GHgn2YaFrx53ogZOuq,0
6BuRhCmmdbsFiW5Vi8hDxS,0
4bQ0LJIBYF8LoFYQ9oU4Vp,0
7Duy8CyGTvOsqkju2rGdzJ,0
29g7Ik2JsunstlmwDPOXTt,0
7FUmpKNNheiyZMBlthhov3,0
6eiLKzp1mvdq1vWl2ysMEN,0
5htj23HVg8fyQ16N7qch8k,0
3CSYcm7txGcLBBvq0MWFyY,0
4aIsd9A8Px7vKrBcF3F54z,0
0LnA21EMGBqsH0wZK2z4kY,0
3uRADdnOALaU6rFQa8eess,0
1H1wDRwqReCa3o8qKUqmdK,0
6khw7KMnwkZgknVz4Jv1Wc,0
5QKRTgROrbT4BImWuxDc4a,0
59dZsvxXlgWnYWG82sGV4r,0
5Ck5MG0kEKT8J87Hz8uH3G,0
46SVULqBdx8RNVJ4DMnqJk,0
7FjmRh6ZLXgHMtGBOjkNSe,0
1WBuT1ZJakfyzL5UurNeIW,0
3GfQrigXAAm4V5ZWHRkqW8,0
0Ts95ULVemfJWrPKF2feGX,0
5khknipiIjHo1Ay73fMQyd,0
4hSl1E5YTqYw6NDfKHRGh9,0
3WsLQKYjQyf1ESvowYipmv,0
6jTTWDfAgYSBEsxBJlDkL0,0
6G4NRbzumz8fmiz9g88jIk,0
5Xv6K7p2fzMjUGI5GvyCfS,0
2HuosLMWQnqRkfF5hQ6ZXl,0
2xuBxMijKBm6p3hKFBeYMb,0
58wL0EFUPhH8rHBtOTiEt4,0
4gRjM6uqrWS5pHv1UdhNP7,0
5yomhO1vs26etyfi2jTh12,0
0CbshGxLID0rq8orv7udfX,0
2up9zjwzyeRQ5eILvrvGP6,0
089eMvGl7ZPFu8Jp8TahQF,0
4IrcKbMsygR81KUrKDgLCG,0
6oCyUvYu0BTEDinOSp36lD,0
46jSccQPzESIwVU1Z9gu2X,0
47y4TnZXKhKRllOjrZzBEV,0
3YutmTHoHwbxfy1rbKxKCN,0
2iezl33dV8KIbCa9hSHqxX,0
2DfoX11eWZEprI3S932Mf9,0
6IuztOwuWTRIe7mRVGVUF5,0
6C1JfGlp3fxJqaaD2h92qZ,0
09GHHOtJDHsKPrcmcaQFKq,0
7r7JNO81cDCuCKCgGKvK9O,0
1j35pNP2eQc5kdmx5k24gX,0
3JEYqnXWWZSB1sl2h6ghsu,0
4v9BV2NFR7ewIEyyCois0F,0
5rERMSBPEeuezxyNqGUMcf,0
3R07WtjoKvQ7XNSTCBYJSi,0
2W0DAjTka5rC89oNT8Om71,0
4MbzcJqwSgN8tyTBjp9A3h,0
6IuC9AXYo1LCn7umpY2JxP,0
4E7zX584vlN7Gq22Q3PhbK,0
3Ztp0pFL9KtPGbYUeG4nIw,0
1gR24L3lHQnRpHAiH67eau,0
66kSQQQC8sdbvaQMwFFs0B,0
3BEq0b7LLmIh2uX0MaQbIB,0
6txhDNlPDR0cVB2CFf20td,0
4aIy0rXCbgJgeqzJgBzHDd,0
5Hf1BGRhLBOwmi44tm6hJ2,0
6GOtt3xrfphaR69qhxFbiq,0
5gsrkE3qm1qjRbNhzR0HrN,0
70gpIOY1IzAUvjVHUFisnE,0
0vYkTsqvms4h3IqFvjlnUx,0
6AsFSzhGugyKupZBH3TuOe,0
03A0v9qqyYC3HbJiaAf9fA,0
7n02EwdR7v7KUwfIOoTCpW,0
1fG4ICm0RmittrlTKbV1BX,0
5CGsPsgFxYnfAisigWshZC,0
37kpM0AJKFT9Ag93GwwQr7,0
1tu4BxeYqxnSbWOg7OWBZN,0
7tbnOAw9VnQGUct3wwGbRW,0
1Q1g19CyHhLiPNtYEJt0jG,0
0zxHPHcKh5peYiZmXF6T24,0
0ud68gx2cF8U7cv4UZm2RI,0
5GEi7N9RQiSYSoFxJe4X77,0
1Bg5YHV8HvWFP52fwZotu4,0
1hLeTLg2Qb7RdsBThIN95Y,0
1ABlXyPqFZvhbPyBmCAx11,0
59WzP6ZiN2yAlhLm8omXP5,0
6tuGBIWaYecv5rKJLvF21U,0
1A3Mx9CV7jCCgkaF7Z93GD,0
2B9FuFMJ6QhviqRZh8T1aR,0
6Xel1NxSCNkkZaPlwnc3CH,0
6JGIagzCWYyBtD9nOGVDBe,0
1txE5oFvenxydFUluaAmd6,0
1TaTxrKV2HKymbhvPBDxoL,0
3xkWem7rKxWBriNRx61WUz,0
12wGwkwGpTAsnX4nKSzOI3,0
7HpOrJxkXm9r40NuVWfhZj,0
0OiyOYU2KFS1B4l4507mnw,0
57bki3eMYUvbqlwpvLIedS,0
1K4GSJmOpSapJkKRaNbvAr,0
6GN23MJV1enmQXHIF9BtjK,0
3Ib5yHJY7HaYiieVE3ePeP,0
27B8SgBWdrPCOZvrsWyo3p,0
5Yk5LjUPFz03hUfNoXvaVq,0
7v7qjQXt2S8tQLY2NwxQfA,0
2zIyqA6TCdEnPPRfCtfWAl,0
7zIDsPENShP4alNXyKFJEn,0
4NgSVkrcGdebKZqokR9qS3,0
6VxjGdkWQEc8aghm0rqOIx,0
4iSqUbZdaJumD7QPKFwvvQ,0
0uuy2dq6paodpsdgfdOnF2,0
4V5iCZ0DxU1h8w9RSYT8In,0
1jaHSjMSUoaF5VUConBB2Q,0
7BubpLiF9suvugCzXpPaKx,0
3zHAKT7G571PpN8DH3WdKA,0
4guFiHoUxoiPz42Jzf9eOQ,0
7tXsADeD0ZHvXRrsSGVXPL,0
08IKBHw1cFww4B8z2AvtPK,0
2AqtZwyFUIyGBfLaGkTNZk,0
4vJQzeEkPRMht0ug07SxEB,0
4tACYlOl91f6lM5t8XMjcK,0
26EBP7VLv5X34FMggXcJ1h,0
48ExQwZdyAhhw9Fe53Xq1x,0
2gD5ka0o4Pp3usZ9LMVWKs,0
57f6sgau0JVpiJykGqYck4,0
0HkN9YPgbDvN6Af9aPRS4S,0
6OHTc3J4beuwMKLXlZDwAh,0
7nILrUDVfgHmcU2ogy7wVI,0
6aVzZNPS0I7NW6M4Ne07MS,0
6LFHbwTtxOH95OeNOvvXIn,0
5zxwEasIkcULNq6n0WXGAw,0
3CtjC5rjZGQ0nlczRNGmur,0
5sVAEBGUrlUqOShcC047cE,0
0GCqAhD9bD3Y4BGy2WXyh8,0
4YUJemNLxqSeiJQtkOStBc,0
4RA7JHw5Sp3oFjYxjuOx4n,0
173MrjlK8iilLNe1tHNfBp,0
5M5bUZnIMYIY1bkblt7zIK,0
7KBFZAMYEd8Vj7RoV90lT0,0
6dzJjSklR107hKg48pVoGq,0
0iVgpfzrkwrWIrI5L0mtoe,0
6QnYyC7t67datMFw5qVFzP,0
4MhLAClW63tuTFuS6fWxt5,0
5ONwHbrNhpyjPc6XA2ggrC,0
5yxdVQH0RJDj63WrLcdGnz,0
2G1L2H7ZyTAL2dtECqtgmT,0
4eyHetRMWzjQhajUnKuHKP,0
239SjvYr6MvRQhHnSEkh6q,0
3WpcNlLt8qrx5ihnjkt2fw,0
73KNjDL9UiuZJ3xslfbZJ9,0
1siwT2HIzySyP2dH4xLGvx,0
1LjgujcZhn4nC7dPk0ZcTP,0
2dXM8rmMIpScy8CCGZn2zi,0
159us899EKFeoYsDqrbSjp,0
57u3USp393rX2WtobRHGne,0
2mLc4BnrYK6Ra8Ta0isKT2,0
4tdtrIIwNEmlsQLbNOvtfi,0
6obgJoJyekUFCutA5n0X3g,0
2gNiK3OLOopxotYhsFQmtN,0
50InERUMGCz0PMt9Vwd8zt,0
5KhKYjdr8RS3Xf496v1COQ,0
4FcUZNLFKKkcgJUHDghDVW,0
32cijgz8WxgBfqJfFV1cas,0
1BGbE2SPv3QvY5NJ0i58uF,0
0AXQ8FpyFZ6sCboSMIYNpt,0
7EFElLXIuJaz695rSJ9Djy,0
0MnJCMI1mlAeZnocbkiOfM,0
1nI1KJsiOyuJELezV8dl5Q,0
6i8Q20ZgKvObv2SozewAhU,0
5dJmUIoGr8Y5ANFgQY1vxN,0
0yd81JLiltxjBc8C0GBt7t,0
1F9LyZBEOmDIlxdqVTLe4v,0
4zXYK2WEeybgryFi07wu95,0
5A4MtzTZBPra5645uPJ8xE,0
1gQApFeeWaeqkm7QsUhyvM,0
3OgqDzWeak6FByK0sHlr4b,0
6vo2knPgfoe3bvTj1qAVBJ,0
0BfYwMdy6VFFMhJ6r10wTz,0
1yirYSt9e9vzzeA1l1XXxS,0
2b3TWG3Fct7x5p8t4JyM6K,0
7qFnOmnFYAiHqhpABAXETd,0
2DcwQgQwl3b0EUwhxBxC32,0
50IQyFatQ2y7FxQBbXLwZ6,0
21Bz2ZvrXpdX5UZyW5lVXe,0
0Vju2cl5fsW0QDt5MVe3Ci,0
2RICDSnpvmFObrALE8d1m6,0
0tFauvq90TOzZ0Dr9ikuOq,0
5a7KMIlr77EIGywY3SGjIy,0
4bAgazaGXuTaQAxs6mfvlZ,0
7wSzx57nz6TKl4lpSJM15X,0
5Q3A4XjkNPcwSQ3Si5C0Y5,0
3LNuJBQLA5p3GbhQdf6myX,0
6hCzMJHXXNIbz3DWI1Lbr0,0
1boPDuqels8OSYAgXrl0lV,0
6jeTFZK884VdCfsoWr4E7C,0
4eYVW5jF1SxioqT3wthisL,0
3zL4nn5yvkLdHZ4wf8cw8z,0
0O7YDXCLRFjAGud7jE2LX3,0
2rem0Oc4YUJyEGSG1UZCli,0
6SLYniHTBaJhU7fzrh5gCz,0
5pmD3PLKdChqe4IHKbq2ft,0
6TOBtOPodZRtzHIzbqRumP,0
0Zc73Hza0o3QvcsCZSwJ3y,0
4leAjF8rjCOqWu92kP9b2l,0
5sDys3qFDFUM73RMqFtf70,0
2Y6HYF75ERt0f4cOPIC1mT,0
7z6cAlcm3UDA7GY20ZAzNw,0
2gyPmQHiecw1iFxOjJvDMd,0
0JPsNKJrOT2sL9nRizJ0O6,0
2jSEqcFqkV0hY5pqyz7zn6,0
3fqcqRgLA5xt7AifnZWcka,0
7og3Vmm8XA5zqgkhU7zwLF,0
2WLrUd901NbmkiMqm7IsOM,0
2QH1E7KzwlaF8H7s8dHrUM,0
6uTnyivhMQi2rj3au81e9e,0
20kzi2xScaxXhs7fb7mb1I,0
5K1jxj63lJeVXFNgvCaoR3,0
0DrhwfWp4sqB96VFj8QTyF,0
0tV2Fu2qEMvmXsr8sQ8rtS,0
5elsLy4EdJkKObTv1sS2JI,0
023ah4Rkqzpyjh9fLpOVV4,0
5iWMP5HdrjHeL9WfygfM1J,0
1j0fLbi5oQLHrDeyW6WEcR,0
2CaA28Jo9x5PFF85QItN1C,0
1ejB7QazdKICxxT6KN5KEv,0
6kTvvIDEbpA5kvvXxMt5AH,0
5o83cqttOnOAkSsCW0Mxuk,0
0QDWeljgYchIgeMZvtZ7qy,0
3NTgdBwLJ3mgXq5DDlPggq,0
3UPkW17Ns2iSSz3JPJA9if,0
1aF9O0Nud2qJcDcaMSsKy9,0
3c9SboAKWWSN5yBopLbQia,0
5Fo1ktdMWdgqRX8zeNV70J,0
1z03mZ4BfgO164sYFzNQmj,0
0s2s0c3aKqPyLuR3V9aKqK,0
0WN98GuvJrT2Y3qoaKKxL6,0
4PzdQe7xRgxC1iiLb6sGcw,0
2dfCld9YHZwloIfE7f4iHa,0
62WT4wmoUFlckWBZBX7Qnm,0
2oq395Orexk4BM51wDYRPL,0
3AIG2paPDMSVZtL9iTQWJe,0
3qOYyZQK50Xphw9B6thQHS,0
5Hv17v6bdRIKxxn3PalUd9,0
6lydDFTBa22Xcf1PkYiNtr,0
2QbmRveIMOXKF0WFKKd0gN,0
4mfLok8XYs7BX3uMcbiW9i,0
3F9bdAWzvED0tdUDRpVvKC,0
03j2M8uzNwnlh6yr5czm4c,0
6UbvCmD9qEmREELqBelCrg,0
2daPiOuH9leBJdz2OlFI91,0
3dtdYbBkZlaNmt3zpoLb3Y,0
2bCQXIvn52cqHNJedzeqD4,0
0BBDcAd9rh1wJxMcHcwigp,0
2aUyVZmrf4NPHowIAGfzyj,0
4gtQ13Hfd1ZEku8W8D24uP,0
3hEq37ugQlCbxfkVjINZRT,0
37tPRPeY8kf22NAeNjef5v,0
49qbrGrFVDkbAnWhJVyDZQ,0
5CNxKc68MEmQgzhEct0fXx,0
48xV21oq3rT0eHB4Hti2lt,0
7ozJUJqN6xX1kbytVZ2TAu,0
5JsKHjl36jPhv2ovClpAvX,0
35IljUxa6wTAT9l1bFWGgH,0
20uCRl4N5W8svTQg2HwpTR,0
19BbHfvv1uA9C2HhWGoqv7,0
4fAY4m90sgZSlr2JzO3Ius,0
1CYVoQ7zHip1yAEnd9gyc9,0
16DIM8yjgSA0jzDzuwVVHV,0
6zi5abPBlRbGiYG4O5mOic,0
1YiIZAeQvnA52l3hvvI14y,0
4QmqrdsRGIQNHNsawph0cP,0
26vqVLwzhrzyWgoEQFwjvs,0
609Hs2suvdhJEXdGF3k3Ai,0
3uzGuabDCF7JClBrMMZ4Vj,0
28mN5H81FZm72fuBa044dr,0
4vD0nfHPHuG3Dcg4DBFMqr,0
05mzuJnr06VBp94aOtLFpb,0
0mBdsFHVikbdkwM1wCr8Iw,0
1upSdWIeko8lQfWWRMjw9r,0
3D8uSzzri4YrlfGaeVUDPf,0
4eloF1rdXHTvvhRbPFiw8i,0
6hwjsJNrR8RiJr2jIT8Sgb,0
2mGrJKIRkkOC8wBK7d2qtv,0
4UF4fsNR0z0pFq0UkfoX0H,0
3OF8YOtPf7YJ8J5NtaQdZS,0
7Id12U4Oy9Rj4YI0jV0aXI,0
766I9ggJNACOqeNuw3k0Ur,0
7IYyGR9zzJpgnPdDyB1Bik,0
2SjmxmRODZRPphrndaLL1b,0
2k0IefVY1jU4O6XFBufhvr,0
6z8IvOJzFNAPIjm472xbo2,0
4QzIfkQOJ22NHJ2pXVFoZb,0
2aHESwtM834o4zNBySFdGo,0
2yxDD2sI2EScY92dyqI8hP,0
5EC7WVzqqntVM0VkYJ65K5,0
7fKpb53YhwtNDUnrXsvNXY,0
4rZ6Fv7u51yuXTlJnloyM2,0
7ry9wW9XLpeRYkDRCntiQ1,0
4hHruWNL1amf0OAuI9LiA8,0
1bav5CmjZeTZvEkR9m4mQ1,0
2koIyjYdmoVbK1M4dQSKoJ,0
1P6D3esstN0DXtfT8Vs0Xs,0
531lw37vjaHRbmYSzeSyC8,0
3xjpesMNiyMu5dQziZPeXK,0
4W6ewL4CxZa2ZUJ5clNdoj,0
3T2Np3EGmnKreQirSROH7I,0
2aFGIPDQEojyfRcPqzEpnn,0
59l12uZDT5xfXN83f2EkHU,0
34QfRY0MCAMEIzVeQ36osn,0
7xD02096NFVoPMM9sYrhdk,0
6CWI5ylL1enXT5R28xVQui,0
1MIyQvFPi4wNaCX7v7PGRd,0
3h0HwVlm8IOQ8bDj642Rbn,0
2CWYSE50ao3Nxe6SbCAUI1,0
5qDkRPupmEbzWemK4U6noQ,0
1MA2MTt6LTiySwTbaWfdtt,0
0bD4EY5rTNkFMTosfBsC2P,0
4wYfx0JEDVhKFZoKvFL8cr,0
13EGjRiaorl4ixMYzcM2Bv,0
3arUXPAek8OjaVxQhR6Eke,0
0MibnX7gDGRjkeosyQc9yK,0
2A5hPgD4gA6ucxSWcGreAk,0
7tjVtWjFE2qqyemWUFy4sJ,0
0DGllbAYzpF7biE7PphCQu,0
3uZFNd4OQawNWqTJiNln2y,0
4hdN7zMb5QbWDTQ6cPOIdd,0
09ZF0VO2HK8CkKlC6ZAxcH,0
6OCRjueoEqZgtq8622hSPJ,0
7GW09f68MLNZWillx4suTF,0
3jJXElrbjnZIbx1zp3SSi8,0
2EFtfJAJtWKxVRhndV6HFU,0
4jWvqixYUmJg29mirgXmMZ,0
4JB9W50hjM1ttkqNXIccWN,0
5qNhJUaO3vgz116jQJ1V6D,0
36l4b7sH2O3O7DAqvBaQt4,0
3VtaSYmR2NQXKzGpCNdJwz,0
07gf0RsjvSP7ZjyA0HRSsY,0
5XQPcNM6X3Sjw0cz7RaUZ8,0
5oiaeMpZgGhG9CFzamew1S,0
5c6Y0viLijnUdtY5VapyWB,0
0l5DuyzS58lhUrDSvwIGq9,0
0xVzRCp9xTo64DxJiMaOHm,0
1vS40l4EQEiEyQnhq0d97G,0
1bAuoMZq7OZqXQTZO9p6H0,0
1TRkDXlTVro1Oue8f6RdFU,0
2S5RGleno6HIUD7ory8K2p,0
5VimHlpX0RRv8ORzZ28hSF,0
4B99db24JVOxGtjmgqvf6N,0
19eZCdflzZBeMS0XERwiOG,0
6v3ULH4qg9rRu2RroJKVTN,0
6yPKW0qt1FnKwb8Z2qveRR,0
6ZP35x1iRhdgVz6HSsy7iY,0
5Uk4zwYZCuz3hAYU5lSRx2,0
1VU8FcGlZX2b4lVx42Pcp1,0
0cmMD9yjEVjg2zhUTlNMiS,0
1agGERHr7hn8UqarCAgeA7,0
0pijSbcTazAEoMVEa36t1d,0
6d7zODFMb2dYzay7amZJkn,0
2oDRsPLCJ3EGfV1KgSvUJN,0
3AGuL9wXJxdE0UMS6llnF8,0
0AeTinD5wuFU772h7verPq,0
51ML9YDoG7Z8WYoLezTgS6,0
6pyAA6QR9KA5wMJ97hNbhC,0
3FOBZGGArMVJmyvKDWlw5y,0
0OIQr2K8eEec6IndGL7eoz,0
339qr4TsNEDTP22Ms88e3v,0
1S5mWHxpnPGgsjmlbdby9a,0
62nu7pjGWpusuw5sqIygFa,0
7rIfGHFaL0Z6mtQTwtsm1m,0
1gCwrsb2yIj0HAIgtLd6zE,0
4rktvEmQb4JIkIXaXJmjyN,0
4OwmbpipSFKLbk4yApBrTj,0
790F2pXDRucjbkLdzWQKd9,0
1JUgjbVubK56vVbyJ3iFDR,0
1GLZd6hkiQEbUSQvnUToDb,0
35cMIsihm3E0nycx3OKsPG,0
3NFduDDqdfg7Jfjxc3yQ6L,0
16YVZ974qrsdXnSOevL1aX,0
1kxrcO9iXZL9fVJKkl9ZR7,0
2NeH1Uw6Ah94NjFfd8izK1,0
5HG3QyWs1orxV0albygLqL,0
23jauOdXdBCNzBcdnLlav0,0
7xUw3RePZAoDRgBfz6zIpD,0
5UeZ1ixZCCVIDl2usnMhMz,0
4qbAMnVurP0muGxGBqFsbm,0
50xUKDOXjJNMEuPXyk31Q3,0
68Un1ycGcCIG4IxGlR8ISa,0
2b7v2E5oM0SXMivnCCxQ7K,0
0tfxAbDizVX0dmNaF2R9W1,0
3B7jF4gWq55tSAe3i0ug0N,0
0GTQsyrFJQWuxcC8oX3JWs,0
322w3Hl80GVqr6P04B3FtN,0
3b8dSvxkTnIw4jREhojHo3,0
7CPSTeEU2inhF64rO10qm7,0
6yLcSOOEeunyua3IDglG4b,0
3Xmje1P3lbrcrFZsR1gKSu,0
1JX7RxWgu1CcpCIE8xq6V6,0
6SEp3dbDzlpSThKjhV6KpO,0
4u96B3XLWZQKazSLHp0C65,0
4KS7TQgZrM01Ynf2RSfw8I,0
6lq5JMJv4TMQt0C93NNnQn,0
41F4wazfLIM9CD8LBLV0Yz,0
7tZ6dUpOcIFEPMaLmnNrxj,0
69mFAie7q1HcoEctJBsV26,0
16RHvMFHLako8swca6VTSQ,0
19brcNKDyAzy0OC1laU9bs,0
096LtqdHxlnOCPCAOI81oX,0
6Mw11uvOrLH8jSKp5pySDk,0
0mEZ4fXc22f3IDMJWaVtzq,0
7JBdAvH62qIF4D5Fzzkf59,0
3eAkuAGLwKjvnBH5jmH2ad,0
7H1ddgbeHyHvfFc9z3gVqA,0
7MfKa8MBsKYIMOBagY26Qj,0
302F5s3vXxu2cj2hKjbuaH,0
